{
  "feature_names": [
    "icache_miss_mpki",
    "itlb_load_mpki",
    "itlb_miss_mpki",
    "branch_inst_mpki",
    "branch_miss_mpki",
    "lbr_log1p_span"
  ],
  "mu": [
    7.705119609832764,
    0.13450297713279724,
    0.0816819816827774,
    146.28121948242188,
    2.7112083435058594,
    6.25068998336792
  ],
  "sigma": [
    16.49983787536621,
    0.2695169746875763,
    0.1612815260887146,
    82.11415100097656,
    4.025846481323242,
    1.4695320129394531
  ],
  "seq_len": 60,
  "v1": "O2-bolt",
  "v2": "O2-bolt-opt",
  "n_samples": 165
}