{
  "feature_names": [
    "icache_miss_mpki",
    "itlb_load_mpki",
    "itlb_miss_mpki",
    "branch_inst_mpki",
    "branch_miss_mpki",
    "lbr_log1p_span"
  ],
  "mu": [
    7.874068260192871,
    0.13469041883945465,
    0.07492153346538544,
    156.9732666015625,
    2.669076919555664,
    6.207803249359131
  ],
  "sigma": [
    17.324567794799805,
    0.27644750475883484,
    0.15588456392288208,
    80.23651885986328,
    3.914492130279541,
    1.6471269130706787
  ],
  "seq_len": 60,
  "v1": "O1-g",
  "v2": "O3-g",
  "n_samples": 163
}