{
  "feature_names": [
    "icache_miss_mpki",
    "itlb_load_mpki",
    "itlb_miss_mpki",
    "branch_inst_mpki",
    "branch_miss_mpki",
    "lbr_log1p_span"
  ],
  "mu": [
    6.820303440093994,
    0.11943376064300537,
    0.07768607884645462,
    142.98277282714844,
    2.6267662048339844,
    6.258728981018066
  ],
  "sigma": [
    15.429290771484375,
    0.2508608102798462,
    0.1615973711013794,
    82.6144790649414,
    4.0135321617126465,
    1.476484775543213
  ],
  "seq_len": 60,
  "v1": "O3-bolt",
  "v2": "O3-bolt-opt",
  "n_samples": 161
}